Titel, Erscheinungsdatum, Autor, Seitenanzahl
Buch 0, 12.05.2021 00:00:00, Maier MusterFrau, 365
Buch 1, 03.06.2012 00:00:00, Susi Maier, 2576
Buch 2, 15.06.2018 00:00:00, Max Mustermann, 2139
Buch 3, 04.11.1992 00:00:00, Max Mustermann, 185
Buch 4, 24.09.1992 00:00:00, Hüpf3243 Heu2434, 1449
Buch 5, 19.04.2016 00:00:00, Hello Hansi, 1971
Buch 6, 16.08.2001 00:00:00, Maier MusterFrau, 208
Buch 7, 12.01.1997 00:00:00, Hüpf Heu, 2086
Buch 8, 26.05.1995 00:00:00, Hüpf Heu, 1291
Buch 9, 13.10.2011 00:00:00, Hüpf3243 Heu2434, 804
Buch 10, 27.05.2002 00:00:00, Hello Hansi, 1946
Buch 11, 04.05.2012 00:00:00, Max Mustermann, 579
Buch 12, 02.06.2022 00:00:00, Hello Hansi, 242
Buch 13, 10.09.2007 00:00:00, Hüpf3243 Heu2434, 143
Buch 14, 08.02.2002 00:00:00, Hüpf Heu, 1274
Buch 15, 12.10.2013 00:00:00, Hello Hansi, 1531
Buch 16, 24.05.1991 00:00:00, Max Mustermann, 1793
Buch 17, 23.05.2004 00:00:00, Hüpf3243 Heu2434, 2797
Buch 18, 11.03.2005 00:00:00, Susi Maier, 398
Buch 19, 24.12.2009 00:00:00, Susi Maier, 2238
Buch 20, 11.11.1999 00:00:00, Hello Hansi, 1247
Buch 21, 18.07.2013 00:00:00, Max Mustermann, 2249
Buch 22, 19.11.1994 00:00:00, Hüpf3243 Heu2434, 1108
Buch 23, 26.12.2016 00:00:00, Maier MusterFrau, 186
Buch 24, 21.07.2018 00:00:00, Max Mustermann, 2209
Buch 25, 06.12.1990 00:00:00, Hüpf Heu, 2989
Buch 26, 17.08.1996 00:00:00, Susi Maier, 1940
Buch 27, 06.06.1992 00:00:00, Max Mustermann, 2041
Buch 28, 25.06.2019 00:00:00, Hello Hansi, 2101
Buch 29, 18.02.2003 00:00:00, Max Mustermann, 1493
Buch 30, 09.03.2020 00:00:00, Maier MusterFrau, 772
Buch 31, 09.11.1990 00:00:00, Hüpf Heu, 1035
Buch 32, 14.03.1992 00:00:00, Maier MusterFrau, 1174
Buch 33, 27.01.1997 00:00:00, Hüpf3243 Heu2434, 2193
Buch 34, 22.05.2002 00:00:00, Hello Hansi, 2996
Buch 35, 11.07.2019 00:00:00, Hüpf3243 Heu2434, 2470
Buch 36, 12.03.2006 00:00:00, Hello Hansi, 812
Buch 37, 06.09.2013 00:00:00, Hüpf3243 Heu2434, 874
Buch 38, 20.06.2016 00:00:00, Hüpf3243 Heu2434, 269
Buch 39, 25.11.2008 00:00:00, Maier MusterFrau, 1208
Buch 40, 12.08.1995 00:00:00, Max Mustermann, 2529
Buch 41, 18.10.1998 00:00:00, Max Mustermann, 2161
Buch 42, 28.10.2021 00:00:00, Hello Hansi, 1013
Buch 43, 11.02.2018 00:00:00, Hello Hansi, 1105
Buch 44, 22.12.1996 00:00:00, Hüpf3243 Heu2434, 2944
Buch 45, 07.02.2001 00:00:00, Max Mustermann, 581
Buch 46, 28.01.2018 00:00:00, Susi Maier, 2486
Buch 47, 23.01.2011 00:00:00, Maier MusterFrau, 891
Buch 48, 10.06.1997 00:00:00, Maier MusterFrau, 456
Buch 49, 06.01.2011 00:00:00, Max Mustermann, 1039
Buch 50, 15.01.2006 00:00:00, Max Mustermann, 1691
Buch 51, 09.09.2000 00:00:00, Maier MusterFrau, 1233
Buch 52, 27.07.2000 00:00:00, Hüpf3243 Heu2434, 2379
Buch 53, 05.04.2019 00:00:00, Susi Maier, 187
Buch 54, 24.11.2005 00:00:00, Hello Hansi, 375
Buch 55, 01.05.2004 00:00:00, Hüpf3243 Heu2434, 973
Buch 56, 03.03.2009 00:00:00, Susi Maier, 1917
Buch 57, 10.02.2018 00:00:00, Max Mustermann, 2805
Buch 58, 04.02.2017 00:00:00, Susi Maier, 2686
Buch 59, 28.06.2020 00:00:00, Hüpf3243 Heu2434, 1063
Buch 60, 24.02.2010 00:00:00, Maier MusterFrau, 194
Buch 61, 16.06.2002 00:00:00, Hello Hansi, 2462
Buch 62, 07.12.1999 00:00:00, Hüpf3243 Heu2434, 467
Buch 63, 28.02.1999 00:00:00, Maier MusterFrau, 1243
Buch 64, 09.03.2006 00:00:00, Susi Maier, 275
Buch 65, 07.05.2009 00:00:00, Susi Maier, 1442
Buch 66, 15.04.1995 00:00:00, Maier MusterFrau, 869
Buch 67, 03.12.2022 00:00:00, Max Mustermann, 243
Buch 68, 27.11.1992 00:00:00, Hüpf3243 Heu2434, 614
Buch 69, 25.03.1996 00:00:00, Hello Hansi, 2704
Buch 70, 16.06.2010 00:00:00, Hüpf Heu, 2125
Buch 71, 12.05.2011 00:00:00, Susi Maier, 705
Buch 72, 13.10.1992 00:00:00, Maier MusterFrau, 2446
Buch 73, 22.10.1992 00:00:00, Max Mustermann, 425
Buch 74, 11.05.1994 00:00:00, Susi Maier, 1232
Buch 75, 12.12.1999 00:00:00, Hüpf3243 Heu2434, 733
Buch 76, 12.05.2006 00:00:00, Susi Maier, 1673
Buch 77, 02.01.2009 00:00:00, Susi Maier, 1222
Buch 78, 20.11.2014 00:00:00, Hüpf Heu, 2048
Buch 79, 12.01.1996 00:00:00, Hüpf3243 Heu2434, 418
Buch 80, 08.06.2004 00:00:00, Hüpf3243 Heu2434, 1104
Buch 81, 14.02.1996 00:00:00, Susi Maier, 2002
Buch 82, 13.06.1994 00:00:00, Hüpf Heu, 1420
Buch 83, 08.06.1998 00:00:00, Susi Maier, 1537
Buch 84, 10.08.2018 00:00:00, Hüpf Heu, 2978
Buch 85, 21.02.2005 00:00:00, Susi Maier, 63
Buch 86, 16.02.2013 00:00:00, Hüpf3243 Heu2434, 2216
Buch 87, 04.03.2019 00:00:00, Hüpf3243 Heu2434, 1937
Buch 88, 21.04.1996 00:00:00, Max Mustermann, 1002
Buch 89, 23.10.2008 00:00:00, Hüpf Heu, 186
Buch 90, 12.01.2015 00:00:00, Max Mustermann, 746
Buch 91, 09.02.1995 00:00:00, Hüpf3243 Heu2434, 1176
Buch 92, 07.09.2004 00:00:00, Hello Hansi, 1574
Buch 93, 06.05.2001 00:00:00, Susi Maier, 2054
Buch 94, 12.11.2020 00:00:00, Max Mustermann, 2025
Buch 95, 11.06.1991 00:00:00, Max Mustermann, 2020
Buch 96, 23.12.2011 00:00:00, Hüpf3243 Heu2434, 2585
Buch 97, 01.11.2017 00:00:00, Max Mustermann, 1960
Buch 98, 11.11.2004 00:00:00, Maier MusterFrau, 1752
Buch 99, 05.12.1996 00:00:00, Hello Hansi, 594
